-- MySQL dump 10.13  Distrib 5.7.20, for Linux (x86_64)
--
-- Host: localhost    Database: spedidosdb
-- ------------------------------------------------------
-- Server version	5.7.20-0ubuntu0.17.10.1

/*!40101 SET @OLD_CHARACTER_SET_CLIENT=@@CHARACTER_SET_CLIENT */;
/*!40101 SET @OLD_CHARACTER_SET_RESULTS=@@CHARACTER_SET_RESULTS */;
/*!40101 SET @OLD_COLLATION_CONNECTION=@@COLLATION_CONNECTION */;
/*!40101 SET NAMES utf8 */;
/*!40103 SET @OLD_TIME_ZONE=@@TIME_ZONE */;
/*!40103 SET TIME_ZONE='+00:00' */;
/*!40014 SET @OLD_UNIQUE_CHECKS=@@UNIQUE_CHECKS, UNIQUE_CHECKS=0 */;
/*!40014 SET @OLD_FOREIGN_KEY_CHECKS=@@FOREIGN_KEY_CHECKS, FOREIGN_KEY_CHECKS=0 */;
/*!40101 SET @OLD_SQL_MODE=@@SQL_MODE, SQL_MODE='NO_AUTO_VALUE_ON_ZERO' */;
/*!40111 SET @OLD_SQL_NOTES=@@SQL_NOTES, SQL_NOTES=0 */;

--
-- Table structure for table `categoria`
--

DROP TABLE IF EXISTS `categoria`;
/*!40101 SET @saved_cs_client     = @@character_set_client */;
/*!40101 SET character_set_client = utf8 */;
CREATE TABLE `categoria` (
  `id` bigint(20) NOT NULL AUTO_INCREMENT,
  `nome` varchar(40) NOT NULL,
  PRIMARY KEY (`id`)
) ENGINE=InnoDB AUTO_INCREMENT=8 DEFAULT CHARSET=latin1;
/*!40101 SET character_set_client = @saved_cs_client */;

--
-- Dumping data for table `categoria`
--

LOCK TABLES `categoria` WRITE;
/*!40000 ALTER TABLE `categoria` DISABLE KEYS */;
INSERT INTO `categoria` VALUES (1,'Info'),(2,'EScritório'),(3,'Cama mesa e banho'),(4,'Eletrônicos'),(5,'Jardinagem'),(6,'Decoração'),(7,'Perfumaria');
/*!40000 ALTER TABLE `categoria` ENABLE KEYS */;
UNLOCK TABLES;

--
-- Table structure for table `cidade`
--

DROP TABLE IF EXISTS `cidade`;
/*!40101 SET @saved_cs_client     = @@character_set_client */;
/*!40101 SET character_set_client = utf8 */;
CREATE TABLE `cidade` (
  `id` bigint(20) NOT NULL AUTO_INCREMENT,
  `nome` varchar(40) NOT NULL,
  `estado_id` bigint(20) DEFAULT NULL,
  PRIMARY KEY (`id`),
  KEY `FKkworrwk40xj58kevvh3evi500` (`estado_id`),
  CONSTRAINT `FKkworrwk40xj58kevvh3evi500` FOREIGN KEY (`estado_id`) REFERENCES `estado` (`id`)
) ENGINE=InnoDB AUTO_INCREMENT=4 DEFAULT CHARSET=latin1;
/*!40101 SET character_set_client = @saved_cs_client */;

--
-- Dumping data for table `cidade`
--

LOCK TABLES `cidade` WRITE;
/*!40000 ALTER TABLE `cidade` DISABLE KEYS */;
INSERT INTO `cidade` VALUES (1,'Campinas',2),(2,'Belo Horizonte',1),(3,'Santos',2);
/*!40000 ALTER TABLE `cidade` ENABLE KEYS */;
UNLOCK TABLES;

--
-- Table structure for table `cliente`
--

DROP TABLE IF EXISTS `cliente`;
/*!40101 SET @saved_cs_client     = @@character_set_client */;
/*!40101 SET character_set_client = utf8 */;
CREATE TABLE `cliente` (
  `id` bigint(20) NOT NULL AUTO_INCREMENT,
  `cpf_cnpj` varchar(14) NOT NULL,
  `email` varchar(40) NOT NULL,
  `nome` varchar(40) NOT NULL,
  `tipo` int(11) DEFAULT NULL,
  PRIMARY KEY (`id`),
  UNIQUE KEY `UK_d9fm2y08ggvsys7gxchljvrgw` (`cpf_cnpj`),
  UNIQUE KEY `UK_cmxo70m08n43599l3h0h07cc6` (`email`)
) ENGINE=InnoDB AUTO_INCREMENT=6 DEFAULT CHARSET=latin1;
/*!40101 SET character_set_client = @saved_cs_client */;

--
-- Dumping data for table `cliente`
--

LOCK TABLES `cliente` WRITE;
/*!40000 ALTER TABLE `cliente` DISABLE KEYS */;
INSERT INTO `cliente` VALUES (1,'1112223334445','maria@gmail.com','Maria',1),(2,'12345678901','joao@gmail.com','João',1),(3,'12345678902','jose@gmail.com','José',1),(4,'12345678903','pedro@gmail.com','Pedro',1),(5,'12345678904','gabriel@gmail.com','Gabriel',1);
/*!40000 ALTER TABLE `cliente` ENABLE KEYS */;
UNLOCK TABLES;

--
-- Table structure for table `endereco`
--

DROP TABLE IF EXISTS `endereco`;
/*!40101 SET @saved_cs_client     = @@character_set_client */;
/*!40101 SET character_set_client = utf8 */;
CREATE TABLE `endereco` (
  `id` int(11) NOT NULL AUTO_INCREMENT,
  `bairro` varchar(40) NOT NULL,
  `cep` varchar(8) NOT NULL,
  `complemento` varchar(60) DEFAULT NULL,
  `logradouro` varchar(40) NOT NULL,
  `numero` varchar(5) DEFAULT NULL,
  `cidade_id` bigint(20) DEFAULT NULL,
  `cliente_id` bigint(20) DEFAULT NULL,
  PRIMARY KEY (`id`),
  KEY `FK8b1kcb3wucapb8dejshyn5fsx` (`cidade_id`),
  KEY `FK8s7ivtl4foyhrfam9xqom73n9` (`cliente_id`),
  CONSTRAINT `FK8b1kcb3wucapb8dejshyn5fsx` FOREIGN KEY (`cidade_id`) REFERENCES `cidade` (`id`),
  CONSTRAINT `FK8s7ivtl4foyhrfam9xqom73n9` FOREIGN KEY (`cliente_id`) REFERENCES `cliente` (`id`)
) ENGINE=InnoDB AUTO_INCREMENT=4 DEFAULT CHARSET=latin1;
/*!40101 SET character_set_client = @saved_cs_client */;

--
-- Dumping data for table `endereco`
--

LOCK TABLES `endereco` WRITE;
/*!40000 ALTER TABLE `endereco` DISABLE KEYS */;
INSERT INTO `endereco` VALUES (1,'Vila Romana','12345126',NULL,'Rua 40','20',1,1),(2,'Centro','12345556','Apto 400','Rua Matos','105',3,1),(3,'Centro','12345556','Apto 400','Rua Matos','105',3,2);
/*!40000 ALTER TABLE `endereco` ENABLE KEYS */;
UNLOCK TABLES;

--
-- Table structure for table `estado`
--

DROP TABLE IF EXISTS `estado`;
/*!40101 SET @saved_cs_client     = @@character_set_client */;
/*!40101 SET character_set_client = utf8 */;
CREATE TABLE `estado` (
  `id` bigint(20) NOT NULL AUTO_INCREMENT,
  `nome` varchar(40) NOT NULL,
  PRIMARY KEY (`id`)
) ENGINE=InnoDB AUTO_INCREMENT=3 DEFAULT CHARSET=latin1;
/*!40101 SET character_set_client = @saved_cs_client */;

--
-- Dumping data for table `estado`
--

LOCK TABLES `estado` WRITE;
/*!40000 ALTER TABLE `estado` DISABLE KEYS */;
INSERT INTO `estado` VALUES (1,'Minas Gerais'),(2,'São Paulo');
/*!40000 ALTER TABLE `estado` ENABLE KEYS */;
UNLOCK TABLES;

--
-- Table structure for table `item_pedido`
--

DROP TABLE IF EXISTS `item_pedido`;
/*!40101 SET @saved_cs_client     = @@character_set_client */;
/*!40101 SET character_set_client = utf8 */;
CREATE TABLE `item_pedido` (
  `desconto` double DEFAULT NULL,
  `preco` double DEFAULT NULL,
  `quantidade` int(11) DEFAULT NULL,
  `pedido_id` bigint(20) NOT NULL,
  `produto_id` bigint(20) NOT NULL,
  PRIMARY KEY (`pedido_id`,`produto_id`),
  KEY `FKtk55mn6d6bvl5h0no5uagi3sf` (`produto_id`),
  CONSTRAINT `FK60ym08cfoysa17wrn1swyiuda` FOREIGN KEY (`pedido_id`) REFERENCES `pedido` (`id`),
  CONSTRAINT `FKtk55mn6d6bvl5h0no5uagi3sf` FOREIGN KEY (`produto_id`) REFERENCES `produto` (`id`)
) ENGINE=InnoDB DEFAULT CHARSET=latin1;
/*!40101 SET character_set_client = @saved_cs_client */;

--
-- Dumping data for table `item_pedido`
--

LOCK TABLES `item_pedido` WRITE;
/*!40000 ALTER TABLE `item_pedido` DISABLE KEYS */;
INSERT INTO `item_pedido` VALUES (0,2000,1,1,1),(0,80,2,1,3),(100,800,1,2,2);
/*!40000 ALTER TABLE `item_pedido` ENABLE KEYS */;
UNLOCK TABLES;

--
-- Table structure for table `pagamento`
--

DROP TABLE IF EXISTS `pagamento`;
/*!40101 SET @saved_cs_client     = @@character_set_client */;
/*!40101 SET character_set_client = utf8 */;
CREATE TABLE `pagamento` (
  `pedido_id` bigint(20) NOT NULL,
  `estado` int(11) DEFAULT NULL,
  PRIMARY KEY (`pedido_id`),
  CONSTRAINT `FKthad9tkw4188hb3qo1lm5ueb0` FOREIGN KEY (`pedido_id`) REFERENCES `pedido` (`id`)
) ENGINE=InnoDB DEFAULT CHARSET=latin1;
/*!40101 SET character_set_client = @saved_cs_client */;

--
-- Dumping data for table `pagamento`
--

LOCK TABLES `pagamento` WRITE;
/*!40000 ALTER TABLE `pagamento` DISABLE KEYS */;
INSERT INTO `pagamento` VALUES (1,2),(2,1);
/*!40000 ALTER TABLE `pagamento` ENABLE KEYS */;
UNLOCK TABLES;

--
-- Table structure for table `pagamento_com_boleto`
--

DROP TABLE IF EXISTS `pagamento_com_boleto`;
/*!40101 SET @saved_cs_client     = @@character_set_client */;
/*!40101 SET character_set_client = utf8 */;
CREATE TABLE `pagamento_com_boleto` (
  `data_pagamento` datetime DEFAULT NULL,
  `data_vencimento` datetime DEFAULT NULL,
  `pedido_id` bigint(20) NOT NULL,
  PRIMARY KEY (`pedido_id`),
  CONSTRAINT `FKcr74vrxf8nfph0knq2bho8doo` FOREIGN KEY (`pedido_id`) REFERENCES `pagamento` (`pedido_id`)
) ENGINE=InnoDB DEFAULT CHARSET=latin1;
/*!40101 SET character_set_client = @saved_cs_client */;

--
-- Dumping data for table `pagamento_com_boleto`
--

LOCK TABLES `pagamento_com_boleto` WRITE;
/*!40000 ALTER TABLE `pagamento_com_boleto` DISABLE KEYS */;
INSERT INTO `pagamento_com_boleto` VALUES (NULL,'2018-02-01 10:08:00',2);
/*!40000 ALTER TABLE `pagamento_com_boleto` ENABLE KEYS */;
UNLOCK TABLES;

--
-- Table structure for table `pagamento_com_cartao`
--

DROP TABLE IF EXISTS `pagamento_com_cartao`;
/*!40101 SET @saved_cs_client     = @@character_set_client */;
/*!40101 SET character_set_client = utf8 */;
CREATE TABLE `pagamento_com_cartao` (
  `numero_de_parcelas` int(11) DEFAULT NULL,
  `pedido_id` bigint(20) NOT NULL,
  PRIMARY KEY (`pedido_id`),
  CONSTRAINT `FKta3cdnuuxclwfh52t4qi432ow` FOREIGN KEY (`pedido_id`) REFERENCES `pagamento` (`pedido_id`)
) ENGINE=InnoDB DEFAULT CHARSET=latin1;
/*!40101 SET character_set_client = @saved_cs_client */;

--
-- Dumping data for table `pagamento_com_cartao`
--

LOCK TABLES `pagamento_com_cartao` WRITE;
/*!40000 ALTER TABLE `pagamento_com_cartao` DISABLE KEYS */;
INSERT INTO `pagamento_com_cartao` VALUES (6,1);
/*!40000 ALTER TABLE `pagamento_com_cartao` ENABLE KEYS */;
UNLOCK TABLES;

--
-- Table structure for table `pedido`
--

DROP TABLE IF EXISTS `pedido`;
/*!40101 SET @saved_cs_client     = @@character_set_client */;
/*!40101 SET character_set_client = utf8 */;
CREATE TABLE `pedido` (
  `id` bigint(20) NOT NULL AUTO_INCREMENT,
  `instante` datetime DEFAULT NULL,
  `cliente_id` bigint(20) DEFAULT NULL,
  `endereco_de_entrega_id` int(11) DEFAULT NULL,
  PRIMARY KEY (`id`),
  KEY `FK30s8j2ktpay6of18lbyqn3632` (`cliente_id`),
  KEY `FK1fihyy2fnocpuwc74674qmfkv` (`endereco_de_entrega_id`),
  CONSTRAINT `FK1fihyy2fnocpuwc74674qmfkv` FOREIGN KEY (`endereco_de_entrega_id`) REFERENCES `endereco` (`id`),
  CONSTRAINT `FK30s8j2ktpay6of18lbyqn3632` FOREIGN KEY (`cliente_id`) REFERENCES `cliente` (`id`)
) ENGINE=InnoDB AUTO_INCREMENT=3 DEFAULT CHARSET=latin1;
/*!40101 SET character_set_client = @saved_cs_client */;

--
-- Dumping data for table `pedido`
--

LOCK TABLES `pedido` WRITE;
/*!40000 ALTER TABLE `pedido` DISABLE KEYS */;
INSERT INTO `pedido` VALUES (1,'2018-01-01 00:00:00',1,1),(2,'2018-02-01 00:00:00',1,2);
/*!40000 ALTER TABLE `pedido` ENABLE KEYS */;
UNLOCK TABLES;

--
-- Table structure for table `produto`
--

DROP TABLE IF EXISTS `produto`;
/*!40101 SET @saved_cs_client     = @@character_set_client */;
/*!40101 SET character_set_client = utf8 */;
CREATE TABLE `produto` (
  `id` bigint(20) NOT NULL AUTO_INCREMENT,
  `nome` varchar(40) NOT NULL,
  `preco` double DEFAULT NULL,
  PRIMARY KEY (`id`)
) ENGINE=InnoDB AUTO_INCREMENT=12 DEFAULT CHARSET=latin1;
/*!40101 SET character_set_client = @saved_cs_client */;

--
-- Dumping data for table `produto`
--

LOCK TABLES `produto` WRITE;
/*!40000 ALTER TABLE `produto` DISABLE KEYS */;
INSERT INTO `produto` VALUES (1,'Computador',2000),(2,'Impressora',800),(3,'Mouse',40),(4,'Mesa de escritório',300),(5,'Toalha',50),(6,'Colcha',200),(7,'Televisão',1200),(8,'Mangueira',800),(9,'Abajour',100),(10,'Pendente',180),(11,'Shampoo',90);
/*!40000 ALTER TABLE `produto` ENABLE KEYS */;
UNLOCK TABLES;

--
-- Table structure for table `produto_categoria`
--

DROP TABLE IF EXISTS `produto_categoria`;
/*!40101 SET @saved_cs_client     = @@character_set_client */;
/*!40101 SET character_set_client = utf8 */;
CREATE TABLE `produto_categoria` (
  `produto_id` bigint(20) NOT NULL,
  `categoria_id` bigint(20) NOT NULL,
  KEY `FKq3g33tp7xk2juh53fbw6y4y57` (`categoria_id`),
  KEY `FK1c0y58d3n6x3m6euv2j3h64vt` (`produto_id`),
  CONSTRAINT `FK1c0y58d3n6x3m6euv2j3h64vt` FOREIGN KEY (`produto_id`) REFERENCES `produto` (`id`),
  CONSTRAINT `FKq3g33tp7xk2juh53fbw6y4y57` FOREIGN KEY (`categoria_id`) REFERENCES `categoria` (`id`)
) ENGINE=InnoDB DEFAULT CHARSET=latin1;
/*!40101 SET character_set_client = @saved_cs_client */;

--
-- Dumping data for table `produto_categoria`
--

LOCK TABLES `produto_categoria` WRITE;
/*!40000 ALTER TABLE `produto_categoria` DISABLE KEYS */;
INSERT INTO `produto_categoria` VALUES (1,1),(2,1),(2,2),(3,1),(4,2),(5,3),(6,3),(7,4),(8,5),(9,6),(10,6),(11,7);
/*!40000 ALTER TABLE `produto_categoria` ENABLE KEYS */;
UNLOCK TABLES;

--
-- Table structure for table `telefone`
--

DROP TABLE IF EXISTS `telefone`;
/*!40101 SET @saved_cs_client     = @@character_set_client */;
/*!40101 SET character_set_client = utf8 */;
CREATE TABLE `telefone` (
  `cliente_id` bigint(20) NOT NULL,
  `telefones` varchar(255) DEFAULT NULL,
  KEY `FK8aafha0njkoyoe3kvrwsy3g8u` (`cliente_id`),
  CONSTRAINT `FK8aafha0njkoyoe3kvrwsy3g8u` FOREIGN KEY (`cliente_id`) REFERENCES `cliente` (`id`)
) ENGINE=InnoDB DEFAULT CHARSET=latin1;
/*!40101 SET character_set_client = @saved_cs_client */;

--
-- Dumping data for table `telefone`
--

LOCK TABLES `telefone` WRITE;
/*!40000 ALTER TABLE `telefone` DISABLE KEYS */;
INSERT INTO `telefone` VALUES (1,'99998888'),(1,'98989898');
/*!40000 ALTER TABLE `telefone` ENABLE KEYS */;
UNLOCK TABLES;
/*!40103 SET TIME_ZONE=@OLD_TIME_ZONE */;

/*!40101 SET SQL_MODE=@OLD_SQL_MODE */;
/*!40014 SET FOREIGN_KEY_CHECKS=@OLD_FOREIGN_KEY_CHECKS */;
/*!40014 SET UNIQUE_CHECKS=@OLD_UNIQUE_CHECKS */;
/*!40101 SET CHARACTER_SET_CLIENT=@OLD_CHARACTER_SET_CLIENT */;
/*!40101 SET CHARACTER_SET_RESULTS=@OLD_CHARACTER_SET_RESULTS */;
/*!40101 SET COLLATION_CONNECTION=@OLD_COLLATION_CONNECTION */;
/*!40111 SET SQL_NOTES=@OLD_SQL_NOTES */;

-- Dump completed on 2018-01-19 21:54:41
